{"cameraMode":{"drawMode":0,"name":"Shaded","section":"Shading Mode"},"sceneLighting":false,"audioPlay":false,"sceneViewState":{"m_AlwaysRefresh":false,"showFog":true,"showSkybox":false,"showFlares":true,"showImageEffects":true,"showParticleSystems":true,"showVisualEffectGraphs":true,"m_FxEnabled":true},"in2DMode":false,"pivot":{"x":-5.741424560546875,"y":1.8604354858398438,"z":62.430145263671878},"rotation":{"x":0.12360291928052902,"y":0.23288361728191377,"z":-0.02985093928873539,"w":0.9641665816307068},"size":116.95113372802735,"orthographic":true}