{"cameraMode":{"drawMode":0,"name":"Shaded","section":"Shading Mode"},"sceneLighting":false,"audioPlay":false,"sceneViewState":{"m_AlwaysRefresh":false,"showFog":true,"showSkybox":false,"showFlares":true,"showImageEffects":true,"showParticleSystems":true,"showVisualEffectGraphs":true,"m_FxEnabled":true},"in2DMode":false,"pivot":{"x":0.02218410186469555,"y":1.2142542600631714,"z":20.736345291137697},"rotation":{"x":-0.0003208043926861137,"y":0.9979233741760254,"z":0.06445593386888504,"w":0.005104162730276585},"size":0.8660253882408142,"orthographic":false}