{"cameraMode":{"drawMode":0,"name":"Shaded","section":"Shading Mode"},"sceneLighting":true,"audioPlay":false,"sceneViewState":{"m_AlwaysRefresh":false,"showFog":true,"showSkybox":true,"showFlares":true,"showImageEffects":true,"showParticleSystems":true,"showVisualEffectGraphs":true,"m_FxEnabled":true},"in2DMode":false,"pivot":{"x":-0.5265467166900635,"y":2.783092975616455,"z":2.8302602767944338},"rotation":{"x":0.15642689168453217,"y":-0.07252626866102219,"z":0.011516419239342213,"w":0.9849600791931152},"size":4.531179904937744,"orthographic":true}