{"cameraMode":{"drawMode":0,"name":"Shaded","section":"Shading Mode"},"sceneLighting":true,"audioPlay":false,"sceneViewState":{"m_AlwaysRefresh":false,"showFog":true,"showSkybox":true,"showFlares":true,"showImageEffects":true,"showParticleSystems":true,"showVisualEffectGraphs":true,"m_FxEnabled":true},"in2DMode":false,"pivot":{"x":-2.074553966522217,"y":0.14154720306396485,"z":1.7951545715332032},"rotation":{"x":-0.09903788566589356,"y":0.8797393441200256,"z":-0.20998845994472505,"w":-0.4149157702922821},"size":9.948451042175293,"orthographic":false}