{"cameraMode":{"drawMode":0,"name":"Shaded","section":"Shading Mode"},"sceneLighting":true,"audioPlay":false,"sceneViewState":{"m_AlwaysRefresh":false,"showFog":true,"showSkybox":true,"showFlares":true,"showImageEffects":true,"showParticleSystems":true,"showVisualEffectGraphs":true,"m_FxEnabled":true},"in2DMode":false,"pivot":{"x":0.019999980926513673,"y":1.1000001430511475,"z":1.1999998092651368},"rotation":{"x":0.4367043077945709,"y":0.11549703031778336,"z":-0.056651245802640918,"w":0.8903674483299255},"size":42.833492279052737,"orthographic":true}