{"cameraMode":{"drawMode":0,"name":"Shaded","section":"Shading Mode"},"sceneLighting":true,"audioPlay":false,"sceneViewState":{"m_AlwaysRefresh":false,"showFog":true,"showSkybox":true,"showFlares":true,"showImageEffects":true,"showParticleSystems":true,"showVisualEffectGraphs":true,"m_FxEnabled":true},"in2DMode":false,"pivot":{"x":-0.23327645659446717,"y":1.0657750368118287,"z":0.048765867948532107},"rotation":{"x":0.11135168373584748,"y":0.12634970247745515,"z":-0.014284621924161911,"w":0.9856255054473877},"size":10.41453742980957,"orthographic":true}