{"cameraMode":{"drawMode":0,"name":"Shaded","section":"Shading Mode"},"sceneLighting":true,"audioPlay":false,"sceneViewState":{"m_AlwaysRefresh":false,"showFog":true,"showSkybox":true,"showFlares":true,"showImageEffects":true,"showParticleSystems":true,"showVisualEffectGraphs":true,"m_FxEnabled":true},"in2DMode":false,"pivot":{"x":10.076881408691407,"y":-0.7904373407363892,"z":1.5396747589111329},"rotation":{"x":-0.24351803958415986,"y":0.009610790759325028,"z":-0.002419405849650502,"w":-0.96986323595047},"size":9.509332656860352,"orthographic":false}