{"cameraMode":{"drawMode":0,"name":"Shaded","section":"Shading Mode"},"sceneLighting":false,"audioPlay":false,"sceneViewState":{"m_AlwaysRefresh":false,"showFog":true,"showSkybox":false,"showFlares":true,"showImageEffects":true,"showParticleSystems":true,"showVisualEffectGraphs":true,"m_FxEnabled":true},"in2DMode":false,"pivot":{"x":-0.026422500610351564,"y":-0.008243560791015625,"z":-0.003999948501586914},"rotation":{"x":0.12360291928052902,"y":0.23288361728191377,"z":-0.02985093928873539,"w":0.9641665816307068},"size":4.933807849884033,"orthographic":true}