{"cameraMode":{"drawMode":0,"name":"Shaded","section":"Shading Mode"},"sceneLighting":false,"audioPlay":false,"sceneViewState":{"m_AlwaysRefresh":false,"showFog":true,"showSkybox":false,"showFlares":true,"showImageEffects":true,"showParticleSystems":true,"showVisualEffectGraphs":true,"m_FxEnabled":true},"in2DMode":false,"pivot":{"x":-0.12245559692382813,"y":-0.026515483856201173,"z":-0.32321929931640627},"rotation":{"x":0.12360291928052902,"y":0.23288361728191377,"z":-0.02985093928873539,"w":0.9641665816307068},"size":11.119306564331055,"orthographic":true}