{"cameraMode":{"drawMode":0,"name":"Shaded","section":"Shading Mode"},"sceneLighting":false,"audioPlay":false,"sceneViewState":{"m_AlwaysRefresh":false,"showFog":true,"showSkybox":false,"showFlares":true,"showImageEffects":true,"showParticleSystems":true,"showVisualEffectGraphs":true,"m_FxEnabled":true},"in2DMode":false,"pivot":{"x":0.03064727783203125,"y":-1.995201587677002,"z":-1.1176261901855469},"rotation":{"x":0.12360291928052902,"y":0.23288361728191377,"z":-0.02985093928873539,"w":0.9641665816307068},"size":36.39790344238281,"orthographic":true}