{"cameraMode":{"drawMode":0,"name":"Shaded","section":"Shading Mode"},"sceneLighting":false,"audioPlay":false,"sceneViewState":{"m_AlwaysRefresh":false,"showFog":true,"showSkybox":false,"showFlares":true,"showImageEffects":true,"showParticleSystems":true,"showVisualEffectGraphs":true,"m_FxEnabled":true},"in2DMode":false,"pivot":{"x":3.088768243789673,"y":0.7606386542320252,"z":-2.7126517295837404},"rotation":{"x":0.011148256249725819,"y":-0.8989898562431336,"z":-0.022931909188628198,"w":-0.4372667372226715},"size":2.970905303955078,"orthographic":false}