{"cameraMode":{"drawMode":0,"name":"Shaded","section":"Shading Mode"},"sceneLighting":false,"audioPlay":false,"sceneViewState":{"m_AlwaysRefresh":false,"showFog":true,"showSkybox":false,"showFlares":true,"showImageEffects":true,"showParticleSystems":true,"showVisualEffectGraphs":true,"m_FxEnabled":true},"in2DMode":false,"pivot":{"x":8.940696716308594e-8,"y":0.6336756944656372,"z":-0.13346680998802186},"rotation":{"x":-0.24351803958415986,"y":0.009610790759325028,"z":-0.002419405849650502,"w":-0.96986323595047},"size":0.9290945529937744,"orthographic":false}