{"cameraMode":{"drawMode":0,"name":"Shaded","section":"Shading Mode"},"sceneLighting":false,"audioPlay":false,"sceneViewState":{"m_AlwaysRefresh":false,"showFog":true,"showSkybox":false,"showFlares":true,"showImageEffects":true,"showParticleSystems":true,"showVisualEffectGraphs":true,"m_FxEnabled":true},"in2DMode":false,"pivot":{"x":-0.9389057159423828,"y":-1.4905891418457032,"z":-0.2973041534423828},"rotation":{"x":0.12360291928052902,"y":0.23288361728191377,"z":-0.02985093928873539,"w":0.9641665816307068},"size":49.73227310180664,"orthographic":true}